Metric,Linear Regression,Random Forest,XGBoost
R²,0.49480312610960486,0.7386425508686194,0.7896613995227175
RMSE,7.199338257940055,5.178210408087895,4.645385306379798
MAE,5.090834514896162,2.9611156823122484,2.8399100493901686
